<?xml version="1.0" encoding="UTF-8"?>
<project-private xmlns="http://www.netbeans.org/ns/project-private/1">
    <editor-bookmarks xmlns="http://www.netbeans.org/ns/editor-bookmarks/2" lastBookmarkId="0"/>
    <open-files xmlns="http://www.netbeans.org/ns/projectui-open-files/2">
        <group>
            <file>file:/C:/Users/M.Asim/Documents/LMS/src/lms/Transaction.java</file>
            <file>file:/C:/Users/M.Asim/Documents/LMS/src/lms/Book.java</file>
            <file>file:/C:/Users/M.Asim/Documents/LMS/src/lms/LibraryManagementSystem.java</file>
            <file>file:/C:/Users/M.Asim/Documents/LMS/src/lms/DatabaseConnection.java</file>
            <file>file:/C:/Users/M.Asim/Documents/LMS/src/lms/Member.java</file>
        </group>
    </open-files>
</project-private>
